{"mean_sensitive": 0.0, "mean_influence": 0.09213001729711259, "max_sensitive": 0.0, "density": 0.2857142857142857, "xnr_user_no": "WXNR0004", "cluster": 0.0, "num": 8, "nodes": ["5634896726", "5915549888", "5901198401", "5235295778", "3953640415", "5890468904", "1904671130", "5037562827"], "max_influence": 0.5646974194529488, "transitivity": 0}
{"mean_sensitive": 0.0, "mean_influence": 0.05302852889967751, "max_sensitive": 0.0, "density": 0.6666666666666666, "xnr_user_no": "WXNR0004", "cluster": 0.0, "num": 3, "nodes": ["5704740872", "2108509933", "3989900072"], "max_influence": 0.08264552642343356, "transitivity": 0}
{"mean_sensitive": 4.557394920145326e-06, "mean_influence": 0.15517274303067033, "max_sensitive": 0.0002707092582566324, "density": 0.02548002548002548, "xnr_user_no": "WXNR0004", "cluster": 0.33632038741432585, "num": 297, "nodes": ["5227581469", "1797270765", "6072015228", "5138579079", "1836308272", "5627661020", "5616911724", "1614137095", "1642592432", "5100474743", "5080620052", "1941197463", "1444827810", "1769615250", "5022918744", "5489561679", "1638698227", "3683937992", "1768064010", "5607087741", "2076817812", "1900552512", "3294614631", "5350430160", "2132841095", "3329850560", "1296171982", "2687269313", "3937348351", "1888945127", "5843802987", "1684771261", "1821679093", "2269103954", "1863089382", "2792645175", "5870460310", "1947253240", "3893494106", "2520614617", "1956504174", "3262490371", "3876827006", "5238235060", "5951786881", "5923066667", "5086759173", "3858838110", "2789617421", "5885450394", "5504679343", "3263241202", "5717277534", "1886903325", "5506614901", "3888248090", "5662943334", "3637758704", "3173250737", "3268691372", "1642088277", "2684793101", "1922988752", "5028299078", "6032769317", "6017069720", "3808693042", "3180959143", "3661932072", "5896455492", "2498440353", "5991817282", "5910823056", "1280846847", "2292835183", "5054976135", "3730116155", "5514341302", "2974085673", "5060514984", "5717711721", "5104135401", "2715226595", "5796731205", "5567645515", "1651422324", "1574079700", "5252080121", "5833312977", "1967352625", "1738932247", "5524598657", "1843633441", "1642591402", "3907855865", "6055199560", "1960980061", "5555151304", "3153417412", "1904448062", "1855024094", "5148074295", "1727189813", "2013236575", "2673131253", "2816273382", "1584143225", "5857120687", "3903589828", "2000112813", "1278847621", "5126970787", "1079596101", "2782682084", "3950538274", "1914082903", "1918031375", "2141246805", "5502589231", "1962477925", "5617629704", "5129081112", "5889425309", "2401646157", "2162418640", "2710146252", "3841547772", "5657446471", "3295657821", "1664275343", "2210234760", "5690110750", "2485875823", "5092431433", "2006185267", "5455396524", "5403152258", "3174747697", "1633574845", "2247220340", "5889618968", "1677181413", "5681682001", "5448294270", "6042345987", "5370253044", "5253110902", "5617167425", "2612997213", "6071839684", "3114235273", "5103645868", "5722429299", "2788481770", "6061135316", "1927016041", "5880944143", "1926199831", "5368392981", "1002636584", "1902607420", "5482337273", "1878222585", "5724108545", "2915935672", "6053311276", "5754076274", "1915572794", "1828175687", "5402114124", "3964284113", "5514016681", "3250954391", "1879641753", "5596844175", "5866322400", "2050339830", "1232221900", "5547995939", "6062172663", "2820672184", "5496045720", "5974999807", "5626594157", "5116960772", "1305753640", "5057245038", "1236103277", "3847403453", "1804160172", "5136662024", "2660618503", "1416793974", "2537380453", "3228080127", "5043530082", "2364284091", "1416895913", "5628600361", "3499375695", "5583532758", "2599821592", "5699594698", "3507777444", "3233314242", "5392863813", "1768008414", "2061888160", "5057885143", "5237810007", "5609636953", "2751427435", "5096001466", "1707310611", "3928105745", "5113031562", "5928021090", "2858116862", "5719125680", "5461392052", "5631559245", "5244224924", "1644225642", "5935891935", "5652714879", "1763721697", "6064732193", "1292808363", "3427539142", "5872043022", "1644114654", "5766467357", "5671565444", "5724117454", "2947335715", "1947557703", "5706044558", "1815418641", "1799201635", "5323688449", "5643644599", "1582994600", "5968822580", "5883199193", "1937376377", "2166792032", "1902930274", "1663088660", "3206773285", "5553601676", "5703188188", "2279238270", "1504889030", "5874487882", "5135524900", "3906944575", "3303121152", "5361689130", "2561581811", "5337116862", "5675287683", "1505036932", "5589794125", "6041318937", "1700648435", "2176451430", "2932854940", "5581464442", "2586638000", "3218531724", "6027151297", "3165425563", "5706624691", "3200673035", "3059060761", "1646029765", "5517630949", "5836718630", "1271763461", "1809127124", "2492293223", "3842880555", "3607946964", "2036198443", "3200498577", "5941269226", "2661960883", "3226059717", "5026545449", "5220339456", "5724040979", "3910603786", "2651019051", "2814115920", "2520535745", "3483424615", "1698578412"], "max_influence": 0.6597538781720516, "transitivity": 0.04840344652812975}
{"mean_sensitive": 0.0, "mean_influence": 0.05780015627850487, "max_sensitive": 0.0, "density": 0.21212121212121213, "xnr_user_no": "WXNR0004", "cluster": 0.22003968253968254, "num": 12, "nodes": ["5985920548", "5484980123", "1965509735", "5955190584", "2239153615", "5967613131", "5574422160", "5719125680", "3693557863", "5323688449", "5554924901", "1303144327"], "max_influence": 0.15485458705278166, "transitivity": 0.1875}
{"mean_sensitive": 1.906403227159383e-06, "mean_influence": 0.11052642362285946, "max_sensitive": 0.0001353546291283162, "density": 0.0317907444668008, "xnr_user_no": "WXNR0004", "cluster": 0.039436619718309855, "num": 71, "nodes": ["3637758704", "5896455492", "5138579079", "2687269313", "5627661020", "2586440617", "5699594698", "5807570228", "3114235273", "5337116862", "6029345433", "2673131253", "5462119868", "5136662024", "1505036932", "1971028804", "1878222585", "1937376377", "2915935672", "5722429299", "1342889641", "1678366407", "5914100947", "6064732193", "6055199560", "1707310611", "2061888160", "1879641753", "1975551773", "1727189813", "1904448062", "3733547214", "2164018664", "6041318937", "1584143225", "1914082903", "1638698227", "6027151297", "5635768113", "1947557703", "5126970787", "5057245038", "5923066667", "5086759173", "1348463244", "3683937992", "5482337273", "2239975901", "1732705577", "3228080127", "5043530082", "3263241202", "1867591465", "5628600361", "5752396377", "6044182164", "2591929092", "5657446471", "5466594184", "3233314242", "2303719821", "3964284113", "1768008414", "2432011997", "5951786881", "5378998778", "6054102659", "1305753640", "5289753013", "5883199193", "3307395803"], "max_influence": 0.4656920277306786, "transitivity": 0.009523809523809525}
{"mean_sensitive": 0.0, "mean_influence": 0.2356572780747371, "max_sensitive": 0.0, "density": 0.15632183908045977, "xnr_user_no": "WXNR0004", "cluster": 0.20130882762461705, "num": 30, "nodes": ["5834325433", "5154794908", "2644875750", "5944234477", "5000362624", "5077446577", "1191044977", "3623353053", "5337758780", "5024567361", "5719329180", "5982059083", "5936621965", "5924097266", "3858062650", "2609400635", "5940888575", "5818983936", "5539603913", "5933814982", "1804549454", "3083672802", "6032198541", "5748895046", "5887940310", "5057885143", "5874703703", "5502828518", "3960991746", "2266784310"], "max_influence": 0.629008614075962, "transitivity": 0.125}
{"mean_sensitive": 1.696753185654106e-06, "mean_influence": 0.2157882144368219, "max_sensitive": 0.00018047283883775494, "density": 0.0210727969348659, "xnr_user_no": "WXNR0004", "cluster": 0.2393893925672154, "num": 117,