{"mean_sensitive": 1.6769600068994926e-06, "mean_influence": 0.2638646080270717, "max_sensitive": 0.00018047283883775494, "density": 0.0347661188369153, "xnr_user_no": "WXNR0004", "cluster": 0.3434921295134589, "num": 113, "nodes": ["1797270765", "1236103277", "1836308272", "1614137095", "1804549454", "5100474743", "6017069720", "1769615250", "5924097266", "1191044977", "1900552512", "5305142622", "3329850560", "5843802987", "1799201635", "5874487882", "1956504174", "5933814982", "3083672802", "5885450394", "1886903325", "3623353053", "5586779165", "5466594184", "6032198541", "2684793101", "5113031562", "2013236575", "6032769317", "5080620052", "5337758780", "5154794908", "5897716478", "1292808363", "5796731205", "5361689130", "3858062650", "1967352625", "1642591402", "5677806677", "2609400635", "5024567361", "2644875750", "1617902267", "1904671130", "5269743490", "5634896726", "2816273382", "5857120687", "5719329180", "2782682084", "2482242324", "2141246805", "5940888575", "1642592432", "2210234760", "5982059083", "5748895046", "5889618968", "5461392052", "5887940310", "5506614901", "6052732011", "2162418640", "5818983936", "1710173801", "2612997213", "5754076274", "1891656981", "1416895913", "3250954391", "5057885143", "1232221900", "5116960772", "5037088280", "5936621965", "3847403453", "5874703703", "2520614617", "5889425309", "3507777444", "5392863813", "5237810007", "5928021090", "5502828518", "5935891935", "5403198905", "3960991746", "1815418641", "5872043022", "2453653365", "2947335715", "5706044558", "3200498577", "3483424615", "1937376377", "1663088660", "5944234477", "5000362624", "5539603913", "1843633441", "1855024094", "1700648435", "5368392981", "1646029765", "3200673035", "5077446577", "5657423253", "3995086347", "3042651083", "3910603786", "2651019051", "2266784310"], "max_influence": 0.6459326126609655, "transitivity": 0.07866761162296244}
{"mean_sensitive": 2.0052537648639437e-07, "mean_influence": 0.27684527611253623, "max_sensitive": 9.023641941887745e-06, "density": 0.06666666666666667, "xnr_user_no": "WXNR0004", "cluster": 0.5732275132275132, "num": 45, "nodes": ["5928021090", "1797270765", "1769615250", "1614137095", "5506614901", "5100474743", "6017069720", "5466594184", "2162418640", "1642592432", "1292808363", "5706044558", "5361689130", "1967352625", "3200498577", "1900552512", "2612997213", "3206773285", "1416895913", "5514016681", "3329850560", "1799201635", "1700648435", "1642591402", "1232221900", "5634896726", "1843633441", "5626594157", "1855024094", "2816273382", "1956504174", "5116960772", "2651019051", "5368392981", "3250954391", "5885450394", "1815418641", "3507777444", "1664275343", "5392863813", "2210234760", "5872043022", "2013236575", "3910603786", "6032769317"], "max_influence": 0.6459326126609655, "transitivity": 0.08990011098779134}
{"mean_sensitive": 0.0, "mean_influence": 0.14241343333106782, "max_sensitive": 0.0, "density": 0.1693121693121693, "xnr_user_no": "WXNR0004", "cluster": 0.44586834733893543, "num": 28, "nodes": ["5906185433", "2984842892", "5261816225", "5913720935", "5915549888", "5458406696", "2640874801", "3697475642", "1891656981", "2852761965", "5235295778", "6016051853", "3037994791", "3953640415", "5890468904", "1617902267", "5037562827", "1718532517", "5762501549", "5037088280", "5901198401", "5154920066", "3483424615", "5558608646", "2709814831", "5657423253", "2501154462", "1760203657"], "max_influence": 0.44735769593025815, "transitivity": 0.17045454545454544}
{"mean_sensitive": 1.0742430883199698e-07, "mean_influence": 0.22931346495434254, "max_sensitive": 9.023641941887745e-06, "density": 0.05823293172690763, "xnr_user_no": "WXNR0004", "cluster": 0.7924088975727168, "num": 84, "nodes": ["3280728991", "3261055217", "3844210815", "1829644702", "2328516855", "1935562561", "1764669250", "2654226095", "5706381397", "1892007092", "1291477752", "5705021476", "2303843914", "5658656902", "1770691990", "1785821063", "2277045931", "5307354261", "1656851485", "5335743089", "2026773010", "3227910883", "5929753366", "2162418640", "3830386926", "3926197181", "1925471775", "2840177141", "1277360444", "5622289480", "3003724880", "5893983063", "5937866395", "1105018335", "1821606457", "2130860695", "2816273382", "1698930122", "2547916923", "5360193884", "2453653365", "5804034096", "1864823034", "1751399901", "5501818234", "3934198499", "5397584604", "2892596383", "1880047847", "5342301410", "5236217710", "2297594122", "1459507082", "5590124843", "5909342713", "3807883160", "5593190256", "5223980344", "5408083772", "5352042685", "5458788584", "2965214072", "5252059525", "2100213634", "5622009319", "5243005112", "1010696821", "1664275343", "1767076672", "1579993125", "1280846847", "5673258214", "5103645868", "1773071847", "3956085619", "1901900163", "3758988887", "3946154755", "1288369910", "5973040975", "5170350379", "5872070418", "1305178931", "5572759558"], "max_influence": 0.5435424212216945, "transitivity": 0.05332725615314494}
