{"mean_sensitive": 3.3420896081065724e-07, "mean_influence": 0.20027776350191442, "max_sensitive": 9.023641941887745e-06, "density": 0.06267806267806268, "xnr_user_no": "WXNR0004", "cluster": 0.0, "num": 27, "nodes": ["3193095743", "5580999314", "6042345987", "1797270765", "5745762671", "1836308272", "2514615523", "1533789260", "6059516435", "5261816225", "3268691372", "2241275235", "5154920066", "1967352625", "2852761965", "5596844175", "5906185433", "2395507392", "2984842892", "2440771045", "2574126482", "3971507271", "5625417046", "3072114177", "1664275343", "5901198401", "5403152258"], "max_influence": 0.8267373308774191, "transitivity": 0}
{"mean_sensitive": 0.0, "mean_influence": 0.12543906570265662, "max_sensitive": 0.0, "density": 0.38095238095238093, "xnr_user_no": "WXNR0004", "cluster": 0.23809523809523808, "num": 7, "nodes": ["1614137095", "1765870915", "5915549888", "3483424615", "5901198401", "1232221900", "3953640415"], "max_influence": 0.3672507692945751, "transitivity": 0.4}
{"mean_sensitive": 0.0, "mean_influence": 0.25110982900498885, "max_sensitive": 0.0, "density": 0.030303030303030304, "xnr_user_no": "WXNR0004", "cluster": 0.0, "num": 12, "nodes": ["5154920066", "1797270765", "6059516435", "1967352625", "5906185433", "2984842892", "2816273382", "1904671130", "1664275343", "2162418640", "5261816225", "2852761965"], "max_influence": 0.5646974194529488, "transitivity": 0}
{"mean_sensitive": 0.0, "mean_influence": 0.08170530427982227, "max_sensitive": 0.0, "density": 1.0, "xnr_user_no": "WXNR0004", "cluster": 1.0, "num": 3, "nodes": ["2644875750", "2609400635", "6032198541"], "max_influence": 0.213524448814127, "transitivity": 1.0}
{"mean_sensitive": 3.609456776755098e-05, "mean_influence": 0.10506982454856316, "max_sensitive": 0.0003609456776755099, "density": 0.37777777777777777, "xnr_user_no": "WXNR0004", "cluster": 0.8444444444444444, "num": 10, "nodes": ["2207221543", "3169858852", "5774406226", "2519794904", "5343943299", "1371067003", "3786759475", "1274198195", "2911734231", "2792161641"], "max_influence": 0.24624417941180035, "transitivity": 0.3}
{"mean_sensitive": 5.468873904174392e-06, "mean_influence": 0.2119260711699878, "max_sensitive": 0.00018047283883775494, "density": 0.09848484848484848, "xnr_user_no": "WXNR0004", "cluster": 0.544605142332415, "num": 33, "nodes": ["5154794908", "5796731205", "2644875750", "2811904745", "2440771045", "2091390311", "2395507392", "5843802987", "3623353053", "5999851848", "2974917325", "5625417046", "1836308272", "2684793101", "5924097266", "5719329180", "2609400635", "5237810007", "5880811664", "5580999314", "6059516435", "3200673035", "5745762671", "6004048319", "3971507271", "1533789260", "5113031562", "5677806677", "1904671130", "5362986538", "2782682084", "5887940310", "3193095743"], "max_influence": 0.8267373308774191, "transitivity": 0.17475728155339806}
{"mean_sensitive": 1.804728388377549e-05, "mean_influence": 0.3234364174022884, "max_sensitive": 5.4141851651326476e-05, "density": 0.6666666666666666, "xnr_user_no": "WXNR0004", "cluster": 0.0, "num": 3, "nodes": ["2478838621", "1644114654", "1763721697"], "max_influence": 0.5534147537296131, "transitivity": 0}
{"mean_sensitive": 1.428906424637322e-06, "mean_influence": 0.0788489461190248, "max_sensitive": 0.0001353546291283162, "density": 0.02083372630387626, "xnr_user_no": "WXNR0004", "cluster": 0.23235588363099677, "num": 461, "nodes": ["3296750957", "3560743254", "5138579079", "2769655601", "1939941615", "3275146634", "3166254074", "3598589902", "5136721295", "5444066515", "5022918744", "3763441672", "1768064010", "2252278820", "2108254242", "5806328715", "5356375063", "5450195619", "3768860140", "3753920932", "5870460310", "2701639083", "2574126482", "5501826729", "5923066667", "1564581352", "3858838110", "3072114177", "5478490454", "3147378144", "5840548386", "3180959143", "5896455492", "6063314391", "1828472104", "2586440617", "2514615523", "1745190914", "5060514984", "5567645515", "5125516253", "1851680642", "5644323487", "1934539037", "2102821054", "1727189813", "3950538274", "2091390311", "2401646157", "1609572933", "5455396524", "5331599893", "5459649045", "1698867882", "2247220340", "2158060135", "5774385688", "2589212382", "5704740872", "3318989537", "6005761513", "5462119868", "5634557774", "5252969367", "5914100947", "1905647934", "1828175687", "2076817812", "5298951138", "1879641753", "5079639638", "5383288877", "2452251224", "6026547857", "5617629704", "5057245038", "3781764274", "1887851042", "2681093754", "2660618503", "5670029481", "2052583827", "5628600361", "3018237163", "2269103954", "1678366407", "1348463244", "2061888160", "5378998778", "1707310611", "5495179335", "2942964914", "2259587974", "5657446471", "5054976135", "5978766705", "2280796131", "5609636953", "5929063826", "5992137914", "2043104365", "2895907362", "1971028804", "5106447202", "1902930274", "2145242551", "2279238270", "5386406726", "5652714879", "5337116862", "3242680793", "5350035977", "3165425563", "2788481770", "1248707573", "1809127124", "5752396377", "5980450017", "1947557703", "5457517033", "6047576080", "3037240895", "5885952028", "5014830495", "1132569340", "3047290303", "5615892192", "1550441011", "1941197463", "3193501402", "5935511497", "5607087741", "1900552512", "2378403517", "5350430160", "1821679093", "5590222754", "2520535745", "1941176163", "2660114002", "2699825290", "5537286041", "5951786881", "1689700793", "2655951864", "2514547035", "2026501511", "5717277534", "5662943334", "3637758704", "1574079700", "5807570228", "3268691372", "5028299078", "5985920548", "2728841640", "1114331715", "2612338003", "5717711721", "2860622550", "5330857761", "2715226595", "1651422324", "5252080121", "5524598657", "5489561679", "6055199560", "5484980123", "1927016041", "6041318937", "5489251400", "5369423258", "1584143225", "2577124494", "6003787409", "1962477925", "6016040346", "6044182164", "1763721697", "5690110750", "2485875823", "1863337381", "2006185267", "1280846847", "5289753013", "5558272060", "5979174012", "6042345987", "3173250737", "5673258214", "5991817282", "3114235273", "5103645868", "5722429299", "5176102397", "2116925071", "5880944143", "5062483327", "1878222585", "2915935672", "6053311276", "3687845572", "1342889641", "3301284312", "6064732193", "5318141660", "1760255423", "2167377602", "5577281942", "5298699856", "5210570059", "5136662024", "5811435795", "2537380453", "5846485064", "5804691301", "5395600909", "1768008414", "2751427435", "1633574845", "6063516708", "5724117454", "3958399776", "5706624691", "5968822580", "3166167887", "3129480963", "2108509933", "1416793974", "5128258902", "1505036932", "2586638000", "2814115920", "5021443878", "1100000523", "5836718630", "1681086945", "1965509735", "1983393765", "2661960883", "5502589231", "5955190584", "3303121152", "6038462862", "5724040979", "2239153615", "3191700795", "5043397208", "1644948230", "1712686623", "6054102659", "5139152056", "1888945127", "5977379034", "1975551773", "1784478915", "5312799694", "2164018664", "1947253240", "5351634305", "5581464442", "3876827006", "3096638661", "2807462864", "2422912133", "6045966381", "2591929092", "3903363948", "5064926278", "3307395803", "3093318633", "2292835183", "2688314714", "1704660562", "5967613131", "5553601676", "1863089382", "3907855865", "3082038391", "5555151304", "3284551381", "3733547214", "2273834172", "3173086135", "5126970787", "3886334733", "5676052284", "2936404941", "2482557597", "3295657821", "5834096072", "3174747697", "2708718842", "6045885907", "5370253044", "5617167425", "6071839684", "5800829774", "1926199831", "2239975901", "5188977806", "2132841095", "5495713910", "5699594698", "5596844175", "1661679151", "5600226003", "2495327692", "5866322400", "3808947151", "5574422160", "1305753640", "5096206207", "1668365850", "3228080127", "1949950304", "2364284091", "5833312977", "3059060761", "5092431433", "5719125680", "5692969938", "1964561503", "3427539142", "2217528093", "1644114654", 