{"mean_sensitive": 0.0, "mean_influence": 0.25348976630600495, "max_sensitive": 0.0, "density": 0.175, "xnr_user_no": "WXNR0004", "cluster": 0.1294642857142857, "num": 16, "nodes": ["5634896726", "2210234760", "2162418640", "2453653365", "3995086347", "1232221900", "3200498577", "1797270765", "1614137095", "2816273382", "1967352625", "5392863813", "3483424615", "3042651083", "1904671130", "3250954391"], "max_influence": 0.5646974194529488, "transitivity": 0.06382978723404255}
{"mean_sensitive": 0.0, "mean_influence": 0.2381045419971082, "max_sensitive": 0.0, "density": 0.09523809523809523, "xnr_user_no": "WXNR0004", "cluster": 0.0, "num": 21, "nodes": ["3329850560", "1956504174", "1416895913", "5514016681", "6032769317", "5506614901", "5361689130", "1642592432", "1769615250", "1799201635", "1815418641", "5116960772", "3206773285", "5368392981", "2013236575", "2612997213", "5626594157", "5706044558", "2651019051", "3507777444", "3910603786"], "max_influence": 0.5505940872987792, "transitivity": 0}
{"mean_sensitive": 0.0, "mean_influence": 0.31525648475287005, "max_sensitive": 0.0, "density": 0.6666666666666666, "xnr_user_no": "WXNR0004", "cluster": 0.0, "num": 3, "nodes": ["2266784310", "5502828518", "5403198905"], "max_influence": 0.629008614075962, "transitivity": 0}
{"mean_sensitive": 1.2709354847729217e-07, "mean_influence": 0.2098059364489713, "max_sensitive": 9.023641941887745e-06, "density": 0.06800804828973843, "xnr_user_no": "WXNR0004", "cluster": 0.8003151150723465, "num": 71, "nodes": ["1785821063", "1656851485", "3003724880", "2840177141", "1305178931", "1821606457", "2130860695", "2453653365", "5804034096", "5458788584", "3934198499", "5342301410", "2965214072", "2100213634", "2892596383", "1901900163", "3261055217", "1829644702", "1935562561", "1698930122", "1291477752", "5705021476", "5170350379", "1770691990", "3227910883", "5593190256", "3830386926", "1277360444", "5893983063", "5622289480", "3280728991", "5929753366", "5658656902", "5501818234", "5236217710", "3807883160", "5243005112", "3946154755", "1105018335", "5872070418", "3844210815", "1767076672", "5360193884", "5706381397", "1751399901", "5397584604", "2297594122", "1459507082", "5590124843", "1773071847", "1764669250", "5252059525", "1579993125", "3758988887", "2277045931", "5973040975", "5307354261", "2654226095", "1864823034", "1892007092", "5335743089", "2026773010", "1925471775", "5223980344", "5408083772", "5909342713", "5352042685", "1010696821", "5622009319", "3956085619", "1288369910"], "max_influence": 0.5435424212216945, "transitivity": 0.06338939197930142}
{"mean_sensitive": 5.639776213679842e-06, "mean_influence": 0.2809736348414429, "max_sensitive": 0.00018047283883775494, "density": 0.11693548387096774, "xnr_user_no": "WXNR0004", "cluster": 0.8477966589861752, "num": 32, "nodes": ["3623353053", "5269743490", "3847403453", "5461392052", "5586779165", "1236103277", "5935891935", "2684793101", "5889425309", "2947335715", "5677806677", "5857120687", "2141246805", "1646029765", "1710173801", "5897716478", "5796731205", "5080620052", "5843802987", "5874487882", "5337758780", "6052732011", "1836308272", "2520614617", "5237810007", "3200673035", "5305142622", "5113031562", "2782682084", "2482242324", "5889618968", "5754076274"], "max_influence": 0.4295874974160045, "transitivity": 0.09310344827586207}
{"mean_sensitive": 0.0, "mean_influence": 0.1884003699623421, "max_sensitive": 0.0, "density": 0.13008130081300814, "xnr_user_no": "WXNR0004", "cluster": 0.36912641192418316, "num": 42, "nodes": ["5906185433", "5261816225", "5913720935", "2210234760", "5915549888", "2640874801", "2162418640", "1664275343", "5762501549", "5235295778", "3995086347", "5558608646", "5657423253", "5901198401", "1232221900", "3953640415", "3960991746", "3200498577", "2709814831", "1797270765", "1614137095", "1891656981", "2816273382", "6016051853", "1967352625", "5392863813", "5154920066", "3483424615", "5890468904", "2501154462", "3042651083", "5037088280", "2984842892", "3037994791", "5458406696", "3697475642", "5872043022", "2852761965", "5037562827", "1718532517", "3250954391", "1760203657"], "max_influence": 0.5057454910485201, "transitivity": 0.11041292639138241}
{"mean_sensitive": 0.0, "mean_influence": 0.2554214191206921, "max_sensitive": 0.0, "density": 0.07142857142857142, "xnr_user_no": "WXNR0004", "cluster": 0.0, "num": 28, "nodes": ["5100474743", "3329850560", "1956504174", "1416895913", "3847403453", "5616911724", "6032769317", "5506614901", "1292808363", "5361689130", "1642592432", "1769615250", "1799201635", "1815418641", "6017069720", "5057885143", "5116960772", "5368392981", "5885450394", "2013236575", "2612997213", "1900552512", "5706044558", "3507777444", "5671565444", "5872043022", "5928021090", "3910603786"], "max_influence": 0.5505940872987792, "transitivity": 0}
{"mean_sensitive": 0.0, "mean_influence": 0.22290316469664975, "max_sensitive": 0.0, "density": 0.164021164021164, "xnr_user_no": "WXNR0004", "cluster": 0.1921752034146992, "num": 28, "nodes": ["5337758780", "5887940310", "3960991746", "1804549454", "2684793101", "5818983936", "3858062650", "2609400635", "5024567361", "5944234477", "2644875750", "5057885143", "5539603913", "5719329180", "5933814982", "3083672802", "5936621965", "5874703703", "5834325433", "5077446577", "3623353053", "5940888575", "5000362624", "5154794908", "6032198541", "5982059083", "2651019051", "5748895046"], "max_influence": 0.5658256860252824, "transitivity": 0.11483253588516747}
{"mean_sensitive": 0.0, "mean_influence": 0.2657067777845543, "max_sensitive": 0.0, "density": 0.14285714285714285, "xnr_user_no": "WXNR0004", "cluster": 0.0, "num": 7, "nodes": ["1843633441", "1664275343", "2574126482", "1960980061", "5403152258", "5596844175", "2241275235"], "max_influence": 0.5249260227781907, "transitivity": 0}
{"mean_sensitive": 2.504593531114512e-06, "mean_influence": 0.0894051313700816, "max_sensitive": 0.0002707092582566324, "density": 0.018007734240320553, "xnr_user_no": "WXNR0004", "cluster": 0.28461172895679404, "num": 508,